{
    "1/30/2022-2/5/2022": 50.34352049,
    "2/6/2022-2/12/2022": 54.78559583,
    "2/13/2022-2/19/2022": 32.57521914,
    "2/20/2022-2/26/2022": 23.69106847,
    "3/13/2022-3/19/2022": null,
    "2/27/2022-3/5/2022": 13.32622601,
    "3/6/2022-3/12/2022": null,
    "3/20/2022-3/26/2022": null,
    "3/27/2022-4/2/2022": null,
    "4/10/2022-4/16/2022": null,
    "4/17/2022-4/23/2022": null,
    "4/3/2022-4/9/2022": null,
    "4/24/2022-4/30/2022": 10.36484245,
    "5/1/2022-5/7/2022": null,
    "5/8/2022-5/14/2022": 10.36484245,
    "5/15/2022-5/21/2022": 10.36484245,
    "5/22/2022-5/28/2022": 23.69106847,
    "6/12/2022-6/18/2022": 11.84553423,
    "6/19/2022-6/25/2022": 26.65245203,
    "5/29/2022-6/4/2022": 19.24899313,
    "6/5/2022-6/11/2022": 13.32622601
}