{
    "1/30/2022-2/5/2022": 67.25167521,
    "2/6/2022-2/12/2022": 50.23619112,
    "2/13/2022-2/19/2022": 23.49757327,
    "2/20/2022-2/26/2022": 11.34365606,
    "3/6/2022-3/12/2022": 6.48208918,
    "3/13/2022-3/19/2022": 6.48208918,
    "2/27/2022-3/5/2022": 6.48208918,
    "3/20/2022-3/26/2022": null,
    "3/27/2022-4/2/2022": 7.29235032,
    "4/3/2022-4/9/2022": 6.48208918,
    "4/10/2022-4/16/2022": null,
    "4/17/2022-4/23/2022": 14.58470065,
    "4/24/2022-4/30/2022": 10.53339491,
    "5/1/2022-5/7/2022": 32.41044589,
    "5/8/2022-5/14/2022": 25.92835671,
    "5/15/2022-5/21/2022": 46.18488539,
    "6/12/2022-6/18/2022": 35.65149048,
    "6/19/2022-6/25/2022": 38.08227392,
    "5/22/2022-5/28/2022": 55.09775801,
    "5/29/2022-6/4/2022": 51.04645227,
    "6/5/2022-6/11/2022": 36.46175162
}