{
    "1/30/2022-2/5/2022": 55.59879907,
    "2/6/2022-2/12/2022": 23.03378818,
    "2/13/2022-2/19/2022": 20.65098251,
    "2/20/2022-2/26/2022": 6.35414846,
    "3/6/2022-3/12/2022": 4.76561135,
    "3/13/2022-3/19/2022": 4.76561135,
    "3/20/2022-3/26/2022": 4.76561135,
    "3/27/2022-4/2/2022": null,
    "4/10/2022-4/16/2022": null,
    "4/17/2022-4/23/2022": 6.35414846,
    "4/24/2022-4/30/2022": 9.5312227,
    "5/1/2022-5/7/2022": 15.0911026,
    "5/8/2022-5/14/2022": 14.29683405,
    "5/15/2022-5/21/2022": 21.44525107,
    "6/12/2022-6/18/2022": 17.47390828,
    "6/19/2022-6/25/2022": 21.44525107,
    "7/10/2022-7/16/2022": 42.09623358,
    "7/17/2022-7/23/2022": 28.59366809,
    "2/27/2022-3/5/2022": 10.32549126,
    "4/3/2022-4/9/2022": null,
    "5/22/2022-5/28/2022": 21.44525107,
    "5/29/2022-6/4/2022": 25.41659386,
    "6/5/2022-6/11/2022": 34.94781656
}