{
    "1/30/2022-2/5/2022": 48.5392713,
    "2/6/2022-2/12/2022": 33.37074902,
    "2/13/2022-2/19/2022": 16.68537451,
    "1/9/2022-1/15/2022": 213.87616418,
    "1/16/2022-1/22/2022": 144.10096168,
    "2/20/2022-2/26/2022": 15.16852228,
    "1/23/2022-1/29/2022": 109.21336043,
    "3/13/2022-3/19/2022": null,
    "2/27/2022-3/5/2022": 13.65167005,
    "3/6/2022-3/12/2022": null,
    "3/20/2022-3/26/2022": null,
    "3/27/2022-4/2/2022": null,
    "4/10/2022-4/16/2022": null,
    "4/17/2022-4/23/2022": null,
    "4/3/2022-4/9/2022": null,
    "5/1/2022-5/7/2022": 13.65167005,
    "4/24/2022-4/30/2022": null,
    "5/8/2022-5/14/2022": 10.6179656,
    "5/15/2022-5/21/2022": 28.82019234,
    "5/22/2022-5/28/2022": 21.2359312,
    "6/12/2022-6/18/2022": 28.82019234,
    "6/19/2022-6/25/2022": 21.2359312,
    "5/29/2022-6/4/2022": 12.13481783,
    "6/5/2022-6/11/2022": 19.71907897
}