{
    "1/30/2022-2/5/2022": 85.4,
    "2/6/2022-2/12/2022": 52.33366845,
    "2/13/2022-2/19/2022": 25.24869969,
    "2/20/2022-2/26/2022": 24.78963242,
    "1/23/2022-1/29/2022": 158.4,
    "3/6/2022-3/12/2022": 12.39481621,
    "3/13/2022-3/19/2022": 5.04973994,
    "2/27/2022-3/5/2022": 13.77201801,
    "3/20/2022-3/26/2022": 5.96787447,
    "3/27/2022-4/2/2022": 8.72227808,
    "4/3/2022-4/9/2022": 8.72227808,
    "4/10/2022-4/16/2022": 9.64041261,
    "4/17/2022-4/23/2022": 16.52642162,
    "4/24/2022-4/30/2022": 17.90362342,
    "5/1/2022-5/7/2022": 42.69325584,
    "5/8/2022-5/14/2022": 45.90672671,
    "5/15/2022-5/21/2022": 62.43314833,
    "5/22/2022-5/28/2022": 65.6466192,
    "6/12/2022-6/18/2022": 61.05594653,
    "6/19/2022-6/25/2022": 61.05594653,
    "5/29/2022-6/4/2022": 77.58236814,
    "6/5/2022-6/11/2022": 67.48288827
}