{
    "1/30/2022-2/5/2022": 70.78319524,
    "2/6/2022-2/12/2022": 44.23949702,
    "2/13/2022-2/19/2022": 27.06416288,
    "2/20/2022-2/26/2022": 21.33905151,
    "3/6/2022-3/12/2022": 5.20464671,
    "3/13/2022-3/19/2022": 5.72511138,
    "2/27/2022-3/5/2022": 9.88882875,
    "3/20/2022-3/26/2022": 4.16371737,
    "3/27/2022-4/2/2022": 5.72511138,
    "4/3/2022-4/9/2022": 7.80697006,
    "4/10/2022-4/16/2022": 4.68418204,
    "4/17/2022-4/23/2022": 6.76604072,
    "4/24/2022-4/30/2022": 8.8478994,
    "5/1/2022-5/7/2022": 10.92975809,
    "5/8/2022-5/14/2022": 15.09347545,
    "5/15/2022-5/21/2022": 26.54369821,
    "5/22/2022-5/28/2022": 35.39159762,
    "5/29/2022-6/4/2022": 44.23949702,
    "6/5/2022-6/11/2022": 33.30973893
}