{
    "1/30/2022-2/5/2022": 67.81306437,
    "2/6/2022-2/12/2022": 37.8325517,
    "2/13/2022-2/19/2022": 22.12847363,
    "2/20/2022-2/26/2022": 13.91952374,
    "3/6/2022-3/12/2022": 5.35366298,
    "3/13/2022-3/19/2022": 2.49837606,
    "2/27/2022-3/5/2022": 8.2089499,
    "3/20/2022-3/26/2022": 5.35366298,
    "3/27/2022-4/2/2022": 4.99675211,
    "4/3/2022-4/9/2022": 7.85203903,
    "4/10/2022-4/16/2022": 7.1382173,
    "4/17/2022-4/23/2022": 8.92277163,
    "4/24/2022-4/30/2022": 14.99025633,
    "5/1/2022-5/7/2022": 20.70083017,
    "5/8/2022-5/14/2022": 24.98376056,
    "5/15/2022-5/21/2022": 29.98051267,
    "5/22/2022-5/28/2022": 45.32767987,
    "5/29/2022-6/4/2022": 41.75857121,
    "6/5/2022-6/11/2022": 47.46914506
}