{
    "1/30/2022-2/5/2022": 87.68429454,
    "2/6/2022-2/12/2022": 54.60578821,
    "2/13/2022-2/19/2022": 26.77783845,
    "2/20/2022-2/26/2022": 19.42705927,
    "3/6/2022-3/12/2022": 9.97605746,
    "3/13/2022-3/19/2022": 5.25055656,
    "2/27/2022-3/5/2022": 15.22661402,
    "3/20/2022-3/26/2022": 3.15033394,
    "3/27/2022-4/2/2022": 5.77561221,
    "4/3/2022-4/9/2022": 7.87583484,
    "4/10/2022-4/16/2022": 7.87583484,
    "4/17/2022-4/23/2022": 7.35077918,
    "4/24/2022-4/30/2022": 13.1263914,
    "5/1/2022-5/7/2022": 8.92594615,
    "5/8/2022-5/14/2022": 22.05233755,
    "5/15/2022-5/21/2022": 34.12861763,
    "5/22/2022-5/28/2022": 31.50333935,
    "5/29/2022-6/4/2022": 41.47939682,
    "6/5/2022-6/11/2022": 47.78006469
}