{
    "1/30/2022-2/5/2022": 72.14118558,
    "2/6/2022-2/12/2022": 58.06485669,
    "2/13/2022-2/19/2022": 26.39311668,
    "2/20/2022-2/26/2022": 19.35495223,
    "2/27/2022-3/5/2022": null,
    "3/6/2022-3/12/2022": null,
    "3/13/2022-3/19/2022": null,
    "3/20/2022-3/26/2022": null,
    "3/27/2022-4/2/2022": null,
    "4/3/2022-4/9/2022": null,
    "4/10/2022-4/16/2022": null,
    "4/17/2022-4/23/2022": 19.35495223,
    "4/24/2022-4/30/2022": 15.83587001,
    "5/1/2022-5/7/2022": 24.63357556,
    "5/8/2022-5/14/2022": 29.9121989,
    "5/15/2022-5/21/2022": 43.98852779,
    "5/22/2022-5/28/2022": 36.95036335,
    "5/29/2022-6/4/2022": 33.43128112
}