{
    "1/30/2022-2/5/2022": 37.38223014,
    "2/6/2022-2/12/2022": 23.12629491,
    "2/13/2022-2/19/2022": 14.88953234,
    "2/20/2022-2/26/2022": 13.6223381,
    "2/27/2022-3/5/2022": 10.13755393,
    "3/6/2022-3/12/2022": 5.06877697,
    "3/13/2022-3/19/2022": 5.70237409,
    "3/20/2022-3/26/2022": 4.75197841,
    "3/27/2022-4/2/2022": 4.43517985,
    "4/3/2022-4/9/2022": 6.01917265,
    "4/10/2022-4/16/2022": 4.43517985,
    "4/17/2022-4/23/2022": 10.77115106,
    "4/24/2022-4/30/2022": 15.52312946,
    "5/1/2022-5/7/2022": 12.0383453,
    "5/8/2022-5/14/2022": 21.22550355,
    "5/15/2022-5/21/2022": 26.61107908,
    "5/22/2022-5/28/2022": 34.53104309,
    "5/29/2022-6/4/2022": 28.828669,
    "6/5/2022-6/11/2022": 32.63025173
}