{
    "1/30/2022-2/5/2022": 29.30299295,
    "2/6/2022-2/12/2022": 17.17761656,
    "2/13/2022-2/19/2022": 15.15672049,
    "2/20/2022-2/26/2022": 11.11492836,
    "3/6/2022-3/12/2022": 8.08358426,
    "3/13/2022-3/19/2022": 8.08358426,
    "2/27/2022-3/5/2022": 10.10448033,
    "3/20/2022-3/26/2022": 7.07313623,
    "3/27/2022-4/2/2022": 11.11492836,
    "4/3/2022-4/9/2022": 13.13582442,
    "4/10/2022-4/16/2022": 8.08358426,
    "4/17/2022-4/23/2022": null,
    "4/24/2022-4/30/2022": 14.14627246,
    "5/1/2022-5/7/2022": 34.35523311,
    "5/8/2022-5/14/2022": 14.14627246,
    "5/15/2022-5/21/2022": 32.33433705,
    "5/22/2022-5/28/2022": 30.31344098,
    "5/29/2022-6/4/2022": 37.38657721,
    "6/5/2022-6/11/2022": 32.33433705
}