{
    "1/30/2022-2/5/2022": 39.01470145,
    "2/6/2022-2/12/2022": 28.88101276,
    "2/13/2022-2/19/2022": 19.00066629,
    "2/20/2022-2/26/2022": 11.14705756,
    "2/27/2022-3/5/2022": 7.3469243,
    "3/6/2022-3/12/2022": 5.826871,
    "3/13/2022-3/19/2022": 4.81350213,
    "3/20/2022-3/26/2022": 3.29344882,
    "3/27/2022-4/2/2022": 4.81350213,
    "4/3/2022-4/9/2022": 5.32018656,
    "4/10/2022-4/16/2022": 6.33355543,
    "4/17/2022-4/23/2022": 13.17379529,
    "4/24/2022-4/30/2022": 13.68047973,
    "5/1/2022-5/7/2022": 19.50735072,
    "5/8/2022-5/14/2022": 33.18783045,
    "5/15/2022-5/21/2022": 34.45454154,
    "5/22/2022-5/28/2022": 32.4278038,
    "5/29/2022-6/4/2022": 28.37432833
}