{
    "1/30/2022-2/5/2022": 64,
    "2/6/2022-2/12/2022": 31.66966518,
    "2/13/2022-2/19/2022": 18.86703457,
    "9/26/2021-10/2/2021": 13.47645327,
    "10/3/2021-10/9/2021": 14.82409859,
    "2/20/2022-2/26/2022": 14.15027593,
    "2/27/2022-3/5/2022": 6.73822663,
    "1/23/2022-1/29/2022": 92.3,
    "12/26/2021-1/1/2022": 179.9,
    "1/2/2022-1/8/2022": 269.52906534,
    "3/6/2022-3/12/2022": 4.71675864,
    "3/13/2022-3/19/2022": 6.73822663,
    "1/9/2022-1/15/2022": 225.73059222,
    "3/20/2022-3/26/2022": 4.71675864,
    "3/27/2022-4/2/2022": 6.06440397,
    "4/3/2022-4/9/2022": 19.54085724,
    "4/10/2022-4/16/2022": 12.12880794,
    "4/17/2022-4/23/2022": 7.4120493,
    "4/24/2022-4/30/2022": 13.47645327,
    "5/1/2022-5/7/2022": 15.49792126,
    "5/8/2022-5/14/2022": 16.17174392,
    "5/15/2022-5/21/2022": 36.38642382,
    "5/22/2022-5/28/2022": 37.06024648,
    "5/29/2022-6/4/2022": 39.75553714,
    "6/5/2022-6/11/2022": 28.97437452
}