{
    "1/30/2022-2/5/2022": 71.40100347,
    "2/6/2022-2/12/2022": 47.41688262,
    "2/13/2022-2/19/2022": 18.47052986,
    "2/20/2022-2/26/2022": 13.50829795,
    "2/27/2022-3/5/2022": 12.1299002,
    "3/6/2022-3/12/2022": 11.30286155,
    "3/13/2022-3/19/2022": 3.58383415,
    "3/20/2022-3/26/2022": 3.58383415,
    "3/27/2022-4/2/2022": 3.03247505,
    "4/3/2022-4/9/2022": 4.9622319,
    "4/10/2022-4/16/2022": 3.03247505,
    "4/17/2022-4/23/2022": 6.34062965,
    "4/24/2022-4/30/2022": 13.50829795,
    "5/1/2022-5/7/2022": 14.05965705,
    "5/8/2022-5/14/2022": 19.02188896,
    "5/15/2022-5/21/2022": 23.15708221,
    "5/22/2022-5/28/2022": 35.56266196,
    "5/29/2022-6/4/2022": 25.63819816
}