{
    "1/30/2022-2/5/2022": 83.02221357,
    "2/6/2022-2/12/2022": 42.27983098,
    "2/13/2022-2/19/2022": 16.14320819,
    "2/20/2022-2/26/2022": 9.4809318,
    "2/27/2022-3/5/2022": 8.7122076,
    "3/6/2022-3/12/2022": 7.9434834,
    "3/13/2022-3/19/2022": 6.9185178,
    "3/20/2022-3/26/2022": 4.8685866,
    "3/27/2022-4/2/2022": 4.8685866,
    "4/3/2022-4/9/2022": 5.6373108,
    "4/10/2022-4/16/2022": 5.6373108,
    "4/17/2022-4/23/2022": 8.968449,
    "4/24/2022-4/30/2022": 9.9934146,
    "5/1/2022-5/7/2022": 22.54924319,
    "5/8/2022-5/14/2022": 16.39944959,
    "5/15/2022-5/21/2022": 34.33634759,
    "5/22/2022-5/28/2022": 42.79231378,
    "5/29/2022-6/4/2022": 39.71741698
}