{
    "1/30/2022-2/5/2022": 88.65772209,
    "2/6/2022-2/12/2022": 75.06353803,
    "2/13/2022-2/19/2022": 30.73467699,
    "2/20/2022-2/26/2022": 13.00313257,
    "2/27/2022-3/5/2022": 14.77628701,
    "3/6/2022-3/12/2022": 11.82102961,
    "3/13/2022-3/19/2022": 7.68366925,
    "3/20/2022-3/26/2022": 11.22997813,
    "3/27/2022-4/2/2022": 8.27472073,
    "4/3/2022-4/9/2022": 13.59418405,
    "4/10/2022-4/16/2022": 8.86577221,
    "4/17/2022-4/23/2022": 12.41208109,
    "4/24/2022-4/30/2022": 10.04787517,
    "5/1/2022-5/7/2022": 27.77941959,
    "5/8/2022-5/14/2022": 40.19150068,
    "5/15/2022-5/21/2022": 56.74094214,
    "5/22/2022-5/28/2022": 56.14989066,
    "5/29/2022-6/4/2022": 71.51722915
}