{
    "1/30/2022-2/5/2022": 59.0147038,
    "2/6/2022-2/12/2022": 39.62020021,
    "2/13/2022-2/19/2022": 20.77982528,
    "2/20/2022-2/26/2022": 12.74495951,
    "2/27/2022-3/5/2022": 9.14312312,
    "3/6/2022-3/12/2022": 11.63670216,
    "3/13/2022-3/19/2022": 6.37247975,
    "3/20/2022-3/26/2022": 4.98715807,
    "3/27/2022-4/2/2022": 7.75780144,
    "4/3/2022-4/9/2022": 8.58899445,
    "4/10/2022-4/16/2022": 8.58899445,
    "4/17/2022-4/23/2022": 8.58899445,
    "4/24/2022-4/30/2022": 11.35963782,
    "5/1/2022-5/7/2022": 18.56331059,
    "5/8/2022-5/14/2022": 34.91010648,
    "5/15/2022-5/21/2022": 37.68074985,
    "5/22/2022-5/28/2022": 39.06607153,
    "5/29/2022-6/4/2022": 40.45139322
}