{
    "1/30/2022-2/5/2022": 119.67090501,
    "2/6/2022-2/12/2022": 55.09239834,
    "2/13/2022-2/19/2022": 25.17467209,
    "2/20/2022-2/26/2022": 12.04006057,
    "2/27/2022-3/5/2022": 8.75640768,
    "3/6/2022-3/12/2022": 6.20245544,
    "3/13/2022-3/19/2022": 4.37820384,
    "3/20/2022-3/26/2022": 5.4727548,
    "3/27/2022-4/2/2022": 2.18910192,
    "4/3/2022-4/9/2022": 4.37820384,
    "4/10/2022-4/16/2022": 4.74305416,
    "4/17/2022-4/23/2022": 5.83760512,
    "4/24/2022-4/30/2022": 13.86431217,
    "5/1/2022-5/7/2022": 12.76976121,
    "5/8/2022-5/14/2022": 19.33706697,
    "5/15/2022-5/21/2022": 32.10682817,
    "5/22/2022-5/28/2022": 31.01227721,
    "5/29/2022-6/4/2022": 39.7686849
}