{
    "1/30/2022-2/5/2022": 67.32193349,
    "2/6/2022-2/12/2022": 32.14079405,
    "2/13/2022-2/19/2022": 20.41374757,
    "2/20/2022-2/26/2022": 15.63606197,
    "2/27/2022-3/5/2022": 11.72704648,
    "3/6/2022-3/12/2022": 7.38369593,
    "3/13/2022-3/19/2022": 5.64635571,
    "3/20/2022-3/26/2022": null,
    "3/27/2022-4/2/2022": 6.08069077,
    "4/3/2022-4/9/2022": 5.64635571,
    "4/10/2022-4/16/2022": 6.08069077,
    "4/17/2022-4/23/2022": 8.68670109,
    "4/24/2022-4/30/2022": 9.12103615,
    "5/1/2022-5/7/2022": 16.93906714,
    "5/8/2022-5/14/2022": 14.33305681,
    "5/15/2022-5/21/2022": 35.61547449,
    "5/22/2022-5/28/2022": 38.65581987,
    "5/29/2022-6/4/2022": 40.39316009
}