{
    "1/30/2022-2/5/2022": 36.71587314,
    "2/6/2022-2/12/2022": 24.8372083,
    "2/13/2022-2/19/2022": 13.318503,
    "2/20/2022-2/26/2022": 12.95854346,
    "2/27/2022-3/5/2022": 6.83923127,
    "12/26/2021-1/1/2022": 160.5,
    "1/2/2022-1/8/2022": 234.3,
    "3/6/2022-3/12/2022": 10.43882668,
    "3/13/2022-3/19/2022": 5.39939311,
    "3/20/2022-3/26/2022": 9.71890759,
    "3/27/2022-4/2/2022": 12.59858392,
    "4/3/2022-4/9/2022": 7.91910989,
    "4/10/2022-4/16/2022": 10.43882668,
    "4/17/2022-4/23/2022": 16.55813887,
    "4/24/2022-4/30/2022": 26.637006,
    "5/1/2022-5/7/2022": 18.71789611,
    "5/8/2022-5/14/2022": 27.71688462,
    "5/15/2022-5/21/2022": 39.23558992,
    "5/22/2022-5/28/2022": 41.03538762,
    "5/29/2022-6/4/2022": 33.11627773
}