{
    "1/30/2022-2/5/2022": 67.9,
    "2/6/2022-2/12/2022": 34.07546864,
    "2/13/2022-2/19/2022": 18.74150775,
    "2/20/2022-2/26/2022": 15.12098921,
    "2/27/2022-3/5/2022": 14.48207417,
    "1/23/2022-1/29/2022": 127.4,
    "3/6/2022-3/12/2022": 7.66698044,
    "3/13/2022-3/19/2022": 4.89834862,
    "3/20/2022-3/26/2022": 3.19457519,
    "3/27/2022-4/2/2022": 3.19457519,
    "4/3/2022-4/9/2022": 4.68537694,
    "4/10/2022-4/16/2022": 6.60212205,
    "4/17/2022-4/23/2022": 6.17617869,
    "4/24/2022-4/30/2022": 9.1577822,
    "5/1/2022-5/7/2022": 11.71344235,
    "5/8/2022-5/14/2022": 15.33396089,
    "5/15/2022-5/21/2022": 21.51013958,
    "5/22/2022-5/28/2022": 24.27877141,
    "5/29/2022-6/4/2022": 26.19551652
}