{
    "1/30/2022-2/5/2022": 63.44706557,
    "2/6/2022-2/12/2022": 29.36114205,
    "2/13/2022-2/19/2022": 19.23661031,
    "2/20/2022-2/26/2022": 11.8119537,
    "2/27/2022-3/5/2022": 9.11207857,
    "12/26/2021-1/1/2022": 213.6,
    "1/2/2022-1/8/2022": 427.6,
    "3/6/2022-3/12/2022": 8.43710978,
    "3/13/2022-3/19/2022": 5.73723465,
    "3/20/2022-3/26/2022": 5.73723465,
    "3/27/2022-4/2/2022": 4.72478148,
    "4/3/2022-4/9/2022": 5.73723465,
    "4/10/2022-4/16/2022": 6.41220344,
    "4/17/2022-4/23/2022": 8.43710978,
    "4/24/2022-4/30/2022": 12.48692248,
    "5/1/2022-5/7/2022": 12.14943809,
    "5/8/2022-5/14/2022": 20.58654787,
    "5/15/2022-5/21/2022": 22.27396983,
    "5/22/2022-5/28/2022": 30.37359522,
    "5/29/2022-6/4/2022": 33.41095474
}