{
    "1/30/2022-2/5/2022": 43.7403112,
    "2/6/2022-2/12/2022": 15.43775689,
    "2/13/2022-2/19/2022": 10.9350778,
    "1/16/2022-1/22/2022": 90.69682175,
    "1/23/2022-1/29/2022": 70.75638576,
    "2/20/2022-2/26/2022": 11.57831767,
    "2/14/2021-2/20/2021": 2.57295948,
    "2/21/2021-2/27/2021": null,
    "2/28/2021-3/6/2021": 6.4,
    "2/27/2022-3/5/2022": 9.00535819,
    "12/26/2021-1/1/2022": 121.6,
    "1/2/2022-1/8/2022": 173.67476506,
    "3/6/2022-3/12/2022": 7.07563858,
    "1/9/2022-1/15/2022": 118.35613619,
    "3/13/2022-3/19/2022": 4.50267909,
    "3/20/2022-3/26/2022": null,
    "3/27/2022-4/2/2022": 7.07563858,
    "4/3/2022-4/9/2022": 6.43239871,
    "4/10/2022-4/16/2022": 7.07563858,
    "4/17/2022-4/23/2022": 5.14591896,
    "4/24/2022-4/30/2022": 16.08099676,
    "5/1/2022-5/7/2022": 16.08099676,
    "5/8/2022-5/14/2022": 19.94043599,
    "5/15/2022-5/21/2022": 37.30791249,
    "5/22/2022-5/28/2022": 44.38355107,
    "5/29/2022-6/4/2022": 38.59439223
}