{
    "1/30/2022-2/5/2022": 29.5207037,
    "2/6/2022-2/12/2022": 17.52791782,
    "2/13/2022-2/19/2022": 15.22161285,
    "2/20/2022-2/26/2022": 6.91891493,
    "2/27/2022-3/5/2022": 7.84143692,
    "3/6/2022-3/12/2022": 3.69008796,
    "3/13/2022-3/19/2022": 5.07387095,
    "3/20/2022-3/26/2022": 4.61260995,
    "3/27/2022-4/2/2022": 2.76756597,
    "4/3/2022-4/9/2022": 9.22521991,
    "4/10/2022-4/16/2022": 9.6864809,
    "4/17/2022-4/23/2022": 12.45404687,
    "4/24/2022-4/30/2022": 14.76035185,
    "5/1/2022-5/7/2022": 17.52791782,
    "5/8/2022-5/14/2022": 20.29548379,
    "5/15/2022-5/21/2022": 25.83061574,
    "5/22/2022-5/28/2022": 26.75313773,
    "5/29/2022-6/4/2022": 28.13692071
}