{
    "8/1/2021-8/7/2021": 34.55226029,
    "8/8/2021-8/14/2021": 28.51932596,
    "1/30/2022-2/5/2022": 38.11717604,
    "2/6/2022-2/12/2022": 23.85751306,
    "2/13/2022-2/19/2022": 11.79164439,
    "2/20/2022-2/26/2022": 10.14629866,
    "2/27/2022-3/5/2022": 8.50095293,
    "12/26/2021-1/1/2022": 167.3,
    "1/2/2022-1/8/2022": 281.6,
    "3/6/2022-3/12/2022": 5.48448576,
    "3/13/2022-3/19/2022": 6.8556072,
    "3/20/2022-3/26/2022": 4.38758861,
    "3/27/2022-4/2/2022": 5.75871005,
    "4/3/2022-4/9/2022": 6.30715863,
    "4/10/2022-4/16/2022": 7.95250435,
    "4/17/2022-4/23/2022": 10.14629866,
    "4/24/2022-4/30/2022": 16.45345728,
    "5/1/2022-5/7/2022": 18.3730273,
    "5/8/2022-5/14/2022": 28.79355024,
    "5/15/2022-5/21/2022": 37.29450317,
    "5/22/2022-5/28/2022": 37.02027889,
    "5/29/2022-6/4/2022": 37.84295175
}