{
    "1/30/2022-2/5/2022": 57.5,
    "2/6/2022-2/12/2022": 30.82533529,
    "2/13/2022-2/19/2022": 22.46592233,
    "2/20/2022-2/26/2022": 15.15143599,
    "2/27/2022-3/5/2022": 12.01665613,
    "1/23/2022-1/29/2022": 62.2,
    "3/6/2022-3/12/2022": 14.62897268,
    "3/13/2022-3/19/2022": 18.28621585,
    "3/20/2022-3/26/2022": 22.98838564,
    "3/27/2022-4/2/2022": 34.48257846,
    "4/3/2022-4/9/2022": 20.8985324,
    "4/10/2022-4/16/2022": 21.42099571,
    "4/17/2022-4/23/2022": 28.21301874,
    "4/24/2022-4/30/2022": 24.55577557,
    "5/1/2022-5/7/2022": 22.46592233,
    "5/8/2022-5/14/2022": 34.48257846,
    "5/15/2022-5/21/2022": 59.56081734,
    "5/22/2022-5/28/2022": 46.49923459,
    "5/29/2022-6/4/2022": 59.56081734
}