{
    "1/30/2022-2/5/2022": 104.62208043,
    "2/6/2022-2/12/2022": 56.61900823,
    "2/13/2022-2/19/2022": 27.32482571,
    "2/20/2022-2/26/2022": 19.44739848,
    "2/27/2022-3/5/2022": 14.52400646,
    "3/6/2022-3/12/2022": 11.32380165,
    "3/13/2022-3/19/2022": 5.16956162,
    "3/20/2022-3/26/2022": 5.41573122,
    "3/27/2022-4/2/2022": 7.13891843,
    "4/3/2022-4/9/2022": 8.86210564,
    "4/10/2022-4/16/2022": 9.84678404,
    "4/17/2022-4/23/2022": 12.30848005,
    "4/24/2022-4/30/2022": 12.55464965,
    "5/1/2022-5/7/2022": 21.66292489,
    "5/8/2022-5/14/2022": 22.89377289,
    "5/15/2022-5/21/2022": 41.84883217,
    "5/22/2022-5/28/2022": 49.972429,
    "5/29/2022-6/4/2022": 46.52605459
}