{
    "1/30/2022-2/5/2022": 88.19632251,
    "2/6/2022-2/12/2022": 35.52932423,
    "2/13/2022-2/19/2022": 27.16948324,
    "2/20/2022-2/26/2022": 20.06361839,
    "2/27/2022-3/5/2022": 10.03180919,
    "3/6/2022-3/12/2022": 5.8518887,
    "3/13/2022-3/19/2022": 10.03180919,
    "3/20/2022-3/26/2022": 8.77783305,
    "3/27/2022-4/2/2022": 6.26988075,
    "4/3/2022-4/9/2022": 7.94184895,
    "4/10/2022-4/16/2022": 10.86779329,
    "4/17/2022-4/23/2022": 12.12176944,
    "4/24/2022-4/30/2022": 12.95775354,
    "5/1/2022-5/7/2022": 15.04771379,
    "5/8/2022-5/14/2022": 12.95775354,
    "5/15/2022-5/21/2022": 25.91550709,
    "5/22/2022-5/28/2022": 33.85735603,
    "5/29/2022-6/4/2022": 35.11133218
}