{
    "1/30/2022-2/5/2022": 26.56544249,
    "2/6/2022-2/12/2022": 21.84269716,
    "2/13/2022-2/19/2022": 11.80686333,
    "2/20/2022-2/26/2022": 8.26480433,
    "2/27/2022-3/5/2022": null,
    "3/6/2022-3/12/2022": 4.13240217,
    "3/13/2022-3/19/2022": 4.13240217,
    "3/20/2022-3/26/2022": null,
    "3/27/2022-4/2/2022": 5.3130885,
    "4/10/2022-4/16/2022": 8.8551475,
    "4/3/2022-4/9/2022": 5.3130885,
    "4/17/2022-4/23/2022": 7.084118,
    "4/24/2022-4/30/2022": 7.67446116,
    "5/1/2022-5/7/2022": 17.11995183,
    "5/8/2022-5/14/2022": 11.80686333,
    "5/15/2022-5/21/2022": 50.76951232,
    "5/22/2022-5/28/2022": 28.92681516,
    "5/29/2022-6/4/2022": 31.87853099
}