{
    "1/30/2022-2/5/2022": 55.55026137,
    "2/6/2022-2/12/2022": 33.93446929,
    "2/13/2022-2/19/2022": 25.79949377,
    "2/20/2022-2/26/2022": 15.80509528,
    "2/27/2022-3/5/2022": 9.29711487,
    "3/6/2022-3/12/2022": 10.6916821,
    "3/13/2022-3/19/2022": 5.11341318,
    "3/20/2022-3/26/2022": 5.11341318,
    "3/27/2022-4/2/2022": 3.48641808,
    "4/3/2022-4/9/2022": 7.20526403,
    "4/10/2022-4/16/2022": 6.50798041,
    "4/17/2022-4/23/2022": 7.90254764,
    "4/24/2022-4/30/2022": 19.52394123,
    "5/1/2022-5/7/2022": 24.63735441,
    "5/8/2022-5/14/2022": 26.96163313,
    "5/15/2022-5/21/2022": 34.86418077,
    "5/22/2022-5/28/2022": 33.23718567,
    "5/29/2022-6/4/2022": 30.44805121
}