{
    "1/30/2022-2/5/2022": 105.6348389,
    "2/6/2022-2/12/2022": 46.19685155,
    "2/13/2022-2/19/2022": 25.01103428,
    "2/20/2022-2/26/2022": 13.2411358,
    "2/27/2022-3/5/2022": 7.65043402,
    "3/6/2022-3/12/2022": 6.47344417,
    "3/13/2022-3/19/2022": 6.1791967,
    "3/20/2022-3/26/2022": 5.59070178,
    "3/27/2022-4/2/2022": 4.70795939,
    "4/3/2022-4/9/2022": 3.82521701,
    "4/10/2022-4/16/2022": 3.82521701,
    "4/17/2022-4/23/2022": 5.88494924,
    "4/24/2022-4/30/2022": 7.94468148,
    "5/1/2022-5/7/2022": 12.65264087,
    "5/8/2022-5/14/2022": 16.47785788,
    "5/15/2022-5/21/2022": 22.65705458,
    "5/22/2022-5/28/2022": 20.59732235,
    "5/29/2022-6/4/2022": 32.36722083
}