{
    "1/30/2022-2/5/2022": 26.68058697,
    "2/6/2022-2/12/2022": 20.10710902,
    "2/13/2022-2/19/2022": 15.85368211,
    "2/20/2022-2/26/2022": 8.89352899,
    "2/27/2022-3/5/2022": 7.73350347,
    "3/6/2022-3/12/2022": 5.41345243,
    "3/13/2022-3/19/2022": 2.32005104,
    "3/20/2022-3/26/2022": 4.25342691,
    "3/27/2022-4/2/2022": 6.18680278,
    "4/3/2022-4/9/2022": 7.73350347,
    "4/10/2022-4/16/2022": 7.73350347,
    "4/17/2022-4/23/2022": 12.37360555,
    "4/24/2022-4/30/2022": 12.37360555,
    "5/1/2022-5/7/2022": 16.24035729,
    "5/8/2022-5/14/2022": 27.45393732,
    "5/15/2022-5/21/2022": 42.92094426,
    "5/22/2022-5/28/2022": 35.57411596,
    "5/29/2022-6/4/2022": 32.86738975
}