{
    "1/30/2022-2/5/2022": 42.89026065,
    "2/6/2022-2/12/2022": 30.94613743,
    "2/13/2022-2/19/2022": 22.53095971,
    "2/20/2022-2/26/2022": 9.50100711,
    "2/27/2022-3/5/2022": 11.40120853,
    "3/6/2022-3/12/2022": 11.12975118,
    "3/13/2022-3/19/2022": 6.24351896,
    "3/20/2022-3/26/2022": 8.41517772,
    "3/27/2022-4/2/2022": 4.88623223,
    "4/3/2022-4/9/2022": 6.78643365,
    "4/10/2022-4/16/2022": 12.75849526,
    "4/17/2022-4/23/2022": 16.5588981,
    "4/24/2022-4/30/2022": 27.14573459,
    "5/1/2022-5/7/2022": 35.28945497,
    "5/8/2022-5/14/2022": 40.44714454,
    "5/15/2022-5/21/2022": 51.30543838,
    "5/22/2022-5/28/2022": 42.61880331,
    "5/29/2022-6/4/2022": 46.96212084
}