{
    "1/30/2022-2/5/2022": 48.66289679,
    "2/6/2022-2/12/2022": 36.94775497,
    "2/13/2022-2/19/2022": 36.04659022,
    "2/20/2022-2/26/2022": 11.71514182,
    "2/27/2022-3/5/2022": 10.36339469,
    "3/6/2022-3/12/2022": 7.65990042,
    "3/13/2022-3/19/2022": 7.65990042,
    "3/20/2022-3/26/2022": 4.0552414,
    "3/27/2022-4/2/2022": 4.95640615,
    "4/3/2022-4/9/2022": 6.30815329,
    "4/10/2022-4/16/2022": 9.01164755,
    "4/17/2022-4/23/2022": 13.96805371,
    "4/24/2022-4/30/2022": 14.86921846,
    "5/1/2022-5/7/2022": 25.68319553,
    "5/8/2022-5/14/2022": 34.24426071,
    "5/15/2022-5/21/2022": 38.29950211,
    "5/22/2022-5/28/2022": 44.60765539,
    "5/29/2022-6/4/2022": 38.75008448
}