{
    "1/30/2022-2/5/2022": 49.97998039,
    "2/6/2022-2/12/2022": 31.47910367,
    "2/13/2022-2/19/2022": 17.39634677,
    "2/20/2022-2/26/2022": 11.873697,
    "2/27/2022-3/5/2022": 9.11237212,
    "3/6/2022-3/12/2022": 9.3885046,
    "3/13/2022-3/19/2022": 6.62717972,
    "3/20/2022-3/26/2022": 4.14198733,
    "3/27/2022-4/2/2022": 6.35104723,
    "4/3/2022-4/9/2022": 8.28397465,
    "4/10/2022-4/16/2022": 6.07491474,
    "4/17/2022-4/23/2022": 15.46341935,
    "4/24/2022-4/30/2022": 16.5679493,
    "5/1/2022-5/7/2022": 17.39634677,
    "5/8/2022-5/14/2022": 23.47126151,
    "5/15/2022-5/21/2022": 42.24827072,
    "5/22/2022-5/28/2022": 47.21865551,
    "5/29/2022-6/4/2022": 49.70384791
}