{
    "1/30/2022-2/5/2022": 71.80112443,
    "2/6/2022-2/12/2022": 33.41687552,
    "2/13/2022-2/19/2022": 28.90108153,
    "2/20/2022-2/26/2022": 21.67581115,
    "2/27/2022-3/5/2022": 10.83790557,
    "3/6/2022-3/12/2022": 7.22527038,
    "3/13/2022-3/19/2022": 7.67684978,
    "3/20/2022-3/26/2022": null,
    "3/27/2022-4/2/2022": 4.51579399,
    "4/3/2022-4/9/2022": 8.58000858,
    "4/10/2022-4/16/2022": 11.74106437,
    "4/17/2022-4/23/2022": 16.70843776,
    "4/24/2022-4/30/2022": 30.25581973,
    "5/1/2022-5/7/2022": 19.86949355,
    "5/8/2022-5/14/2022": 30.70739913,
    "5/15/2022-5/21/2022": 34.77161372,
    "5/22/2022-5/28/2022": 37.48109011,
    "5/29/2022-6/4/2022": 41.5453047
}