{
    "1/30/2022-2/5/2022": 66.55302559,
    "2/6/2022-2/12/2022": 37.3555692,
    "1/9/2022-1/15/2022": 366.2563279,
    "1/16/2022-1/22/2022": 278.23458439,
    "2/13/2022-2/19/2022": 30.0562051,
    "1/23/2022-1/29/2022": 137.39979476,
    "2/20/2022-2/26/2022": 20.18059486,
    "2/27/2022-3/5/2022": 12.02248204,
    "3/6/2022-3/12/2022": 5.1524923,
    "1/2/2022-1/8/2022": 455.6,
    "3/13/2022-3/19/2022": 6.44061538,
    "12/26/2021-1/1/2022": 284.2,
    "3/20/2022-3/26/2022": 4.72311794,
    "3/27/2022-4/2/2022": 6.86998974,
    "4/3/2022-4/9/2022": 8.15811281,
    "4/10/2022-4/16/2022": 10.73435897,
    "4/17/2022-4/23/2022": 12.02248204,
    "4/24/2022-4/30/2022": 10.30498461,
    "5/1/2022-5/7/2022": 16.74559999,
    "5/8/2022-5/14/2022": 31.34432818,
    "5/15/2022-5/21/2022": 49.8074256,
    "5/22/2022-5/28/2022": 51.09554868,
    "5/29/2022-6/4/2022": 65.69427687
}