{
    "1/30/2022-2/5/2022": 152.36267589,
    "2/6/2022-2/12/2022": 80.13538663,
    "2/13/2022-2/19/2022": 59.04712699,
    "2/20/2022-2/26/2022": 25.30591157,
    "2/27/2022-3/5/2022": 20.03384666,
    "12/26/2021-1/1/2022": 217.7,
    "1/2/2022-1/8/2022": 433.9,
    "3/6/2022-3/12/2022": 9.48971684,
    "3/13/2022-3/19/2022": 8.43530386,
    "3/20/2022-3/26/2022": 4.74485842,
    "3/27/2022-4/2/2022": 4.74485842,
    "4/3/2022-4/9/2022": 5.27206491,
    "4/10/2022-4/16/2022": 7.38089087,
    "4/17/2022-4/23/2022": 12.12574929,
    "4/24/2022-4/30/2022": 15.81619473,
    "5/1/2022-5/7/2022": 20.56105315,
    "5/8/2022-5/14/2022": 22.66987911,
    "5/15/2022-5/21/2022": 32.15959595,
    "5/22/2022-5/28/2022": 44.28534524,
    "5/29/2022-6/4/2022": 47.44858419
}